MOVIE_ID,NAME,GENRES,STORYLINE,TAGS
26670818,情定河州,剧情/爱情,电影《情定临夏天使然》讲述临夏新一代青年人发奋图强、借助国家一带一路战略励志创业的故事。,甘肃/临夏/伊斯兰/中国/2016/中国大陆/烂片/宣传伊斯兰教的电影
25815002,我不是李小龙,动作/爱情,桀骜不驯的如龙武功高强，在一场比赛中，被打成重伤，被诊今生不能再用功夫。女友荆兰为激发他重新振作，按照他的原型制造了一个机器人，如龙能否恢复武功，他和机器人到底哪个功夫高强，又能否在机器人中迷失自己？,穿越/华语
26392287,曼哈顿中国女孩,剧情,平民女孩李莉只身初入曼哈顿求学，在历经迷失与困惑之后，凭借努力与善良收获了事业上的成功，同时帮助在美华侨保卫中国城、获得爱情，完成了生命中一次华丽的蜕变。,
26695995,绿毛水怪,爱情,王小波经典中篇小说《绿毛水怪》将改编电影。《绿毛水怪》是王小波早期手稿作品，以天马行空的想象，极具魔幻色彩的情感脉络，独树一帜的批评、反讽，受到广大书迷的喜爱。王小波曾创作电影剧本《东宫西宫》，此后尚未有作品改编成电影。据悉，李银河将担任《绿毛水怪》电影版的文学顾问。,小波/王小波/爱情/小说改编/文学改编/剧情/中国/2017
26392292,为了祖国,剧情/历史,1932年上海虹口爆炸案后，韩国国父金九在褚辅成、朱爱宝这些普通群众的帮助下逃到嘉兴避难。金九和韩国临时政府要员与中国民众合力抗击日军。最终金九一行人在中国政府无私帮助下返回韩国。,
6389523,天地无用,剧情/爱情,张凡夕筹划中电影长片。,张凡夕/独立电影/人性/独立/上映
26266621,看不见的脸,悬疑,日本推理作家东野圭吾的小说在其本国不断被搬上大银幕，如今，中国电影公司也在推理小说领域跃跃欲试。据悉，日本当代小说家夏树静子的名作《看不见的脸》将被搬上中国大银幕，其电影版权已被曾推出过《云图》新原野电影购得版权，并即将于2015年春开拍。,悬疑/漫画小说真人版/日本/推理/日本电影/小说改编
26647079,你无法抵达的时间,科幻,科幻作家潘海天创办的上海竺灿文化有限公司先后开始了三个项目，潘海天本人的《王二大爷的战争》，著名科幻作家王晋康的长篇小说《逃出母宇宙》以及青年科幻作家夏笳的小说《你无法抵达的时间》都将被改编为电影。,科幻/夏笳/中国
26277337,黑夜之神,动作/悬疑/古装,曾出品《西游记之大闹天宫》的星皓影业有限公司推出了《包公：黑夜之神》讲述了包拯率一众江湖英雄，直捣襄阳王老巢，救国家于危难的故事。,
26378809,传送点,科幻,在艺恩汇第二期电影创投沙龙上，还展示了四个电影项目，导演辛成江的《传送点》，讲述了寻宝游戏中虚拟世界与真实世界的故事，世界观颇为宏大。,
26647075,王二大爷的战争,科幻,科幻作家潘海天创办的上海竺灿文化有限公司先后开始了三个项目，潘海天本人的《王二大爷的战争》，著名科幻作家王晋康的长篇小说《逃出母宇宙》以及青年科幻作家夏笳的小说《你无法抵达的时间》都将被改编为电影。,
27148159,致命复活,科幻,身为顶级计算机专家的林栋为了营救深陷危难的妻子苏平，卷入一场危及全人类的灾难当中，不得不凭一己之力，对抗人类有史以来最强大的计算机。,
26528269,行星绿谷,剧情/科幻/动画,"《行星绿谷》（Planet Green Valley）是上海欧映文化传播有限公司投资制作的科幻动画电影,主要讲述了未来人类开发和探索宇宙的故事。",科幻/良心/国产/动画/太空科幻/国漫/行星绿谷/动漫
26268576,Alpha,科幻,据外媒THR报道，狮门影业已计划拍摄一部科幻惊悚电影《Alpha》，故事来自威尔逊的一个创意，布拉德·皮特将于他Plan B公司的合伙人迪·加纳和Jeremy Kleiner一同完成影片的制片工作。电影的细节剧情还处于保密阶段，大体内容是个科幻求生的故事。威尔逊将根据自己的想法执笔剧本。新人Anthony Scott Burns将指导这部电影，这也是他的导演处女座。至今，布拉德·皮特表示暂不参演电影《Alpha》,2017
26680414,我和僵尸有个约会,科幻,《我和僵尸有个约会》网络大电影改编自同名电视剧，12月中旬开拍。目前已进入招聘演员阶段。,大陆
3317352,It Is What It Is,爱情,,爱情/2033年上映/美国/喜剧/2022
26347315,最寒冷的冬天是旧金山的夏季,爱情,首部旅美新留学生的浪漫爱情故事,书
26386532,小情歌,喜剧/爱情,歌曲改编电影依然没完没了，继《小苹果》《栀子花开》《一生有你》《睡在我上铺的兄弟》《她来听我的演唱会之后》，苏打绿的《小情歌》也要被搬上大银幕，影片由合一影业出品。,爱情/中国
26371294,六重门,悬疑/冒险,30岁的王一舟来找六合联盟的严复义寻找未婚妻去世的真相，而严复义安排了六场游戏迎接他。王一舟顺利的过关，与此同时，他发现未婚妻的去世是意外而非严复义所为。ysgou.cc因此，王一舟宽恕了严复义，找回了生活的希望。,
26754627,山海经之小人国,动画/儿童/冒险,根据中国古代神话故事《山海经》所记载的周饶小人国传说改编而成的3D动画电影《山海经之小人国》。,动画/成片/B内地/A华语/2018
11516763,羊毛战记,动作/科幻,二十世纪福斯影业将把超人气科幻小说《羊毛战记》（Wool）搬上大银幕，《银河护卫队》和《惊奇队长》的编剧尼科尔·帕尔曼将为该片执笔剧本，科幻大师雷德利·斯科特与《辛德勒名单》的编剧斯蒂文·泽里安将共同担任制作人。,美国/科幻/小说改编/电影/2018/美影/美国电影
27042445,沙漠,剧情,,
6521915,事出有姻,剧情,中意两国首部合拍电影的《事出有姻》筹备三年终于在成都正式开机，黄海波也将牵手意大利女星古欣娜塔，联手演绎一段跨国恋情。据了解，该电影讲述一个成都厨师与意大利厨娘因不同的美食文化而碰撞出令人啼笑皆非又温馨浪漫的爱情故事。,爱情/国产电影/W王丽坤/美食/意大利/中国电影/≧2/H黄海波
25857981,擒凶记1894,动作/悬疑,疑电影《擒凶记1894》由香港电影人陈德森和陈锡康合作，讲述19世纪末的香港无头悬案，从而引发出一桩惊天阴谋，来自英国一丝不苟的年轻法医，与世袭嘉业的粗鄙侩子手联袂搭档，在追查无头命案的背后，有着令人不寒而栗的冷血真相。该片目前演员阵容还未确认曝光，据悉有望重金聘请国外巨星投身剧组。,
26828028,喜剧王,喜剧/爱情,油嘴滑舌的二大大（崔笛 饰）相亲遇见白富美莎莎（刘洋影子 饰），对其一见倾心，为了迎娶白富美，二大大接受了莎莎提出的任务考验：一夜之间，12个小时之内，亲吻不同类型的六个女孩子，并发送亲吻的照片给莎莎，以示证明亲吻成功。这是一个高难的、刺激的、有趣的任务。,喜剧王
25728580,黑暗中的笑声,剧情,"Based on Vladimir Nabokov's novel, set in 1930's Berlin, Laughter In The Dark centres on a wealthy art dealer, who abandons his wife and child for a temptress who in turn takes him for everything he's got.",NEW/2017/2010s/)(/%文学作品改编
22963915,牛兄牛弟,喜剧/动画/冒险,主要讲述了讲述了刘德华的两个“儿子”安逗和黑仔为保护家园，齐心协力共同对抗外来敌人的冒险、感人故事。,舒淇/牛兄牛弟/劉德華/烂片/潘瑋柏/中国电影/佟大為/[華語]
10766240,疯狗和英国人,喜剧/同性,Noel Coward steps in to replace Liberace at a Las Vegas cabaret in 1955.,ColinFirth/科林费斯/美国电影/电影/美国/喜剧/同性/传记
34636095,钢铁之心,动作/科幻/冒险,The film focus around a 15 year old Genius RiRi Williams and her mentor Tony Stark.,
26369807,在北极说爱你,剧情/爱情,北京IT民工杜晓驹上当买了加拿大“别墅”，与白富美留学生夏晓嫣在印地安人小镇不期而遇，俩人在世界上最干净的北极谈了一场最干净的恋爱。,家庭/dadad
26333212,年少轻狂时,剧情/传记/犯罪,"Just about to leave school with everything going for her, Angie falls pregnant. Left to raise her child with only her grandmother, her life isn't exactly as she planned.",音乐/美国/美剧
21937454,孙悟空之火焰山,动画,曾经打造《大闹天 宫》的上海美术电影制片厂正式宣布，影院 动画《孙悟空之火焰山》将正式启动。,中国/国漫/动画/动漫/2013
26304402,暴力觉醒,动作/惊悚,《暴力觉醒》讲述布鲁斯·威利斯饰演的男主人公瑞德回到了自己童年生活的小岛上，他的哥哥一家也在小岛上生活。但是，瑞德没想到这座原本与世无争的小岛也会引来麻烦，为了拯救自己的家族，瑞德不得不与恶势力展开对决。,
27013218,猎魔行动,动作,圣诞夜的温哥华机场，海关安检发现一名携带“卡芬太尼”新型毒品的中国人，杰森(杰森·斯坦森饰)是负责十年前追缴从墨西哥贩卖枪支到中国的负责人。中国公安部指示，中美联合作战，一举歼灭该制毒贩毒国际团伙。,杰森·斯坦森/动作/托尼贾/华语电影/香港
26996825,猿人突击队,动作,星空盛典影业发布会上公布其余4部电影项目。动作片[猿人突击]由郑建国执导，陈虎与托尼·贾主演，今年末开机。,动作/中国大陆
3041297,阿努比斯,动画,福斯公司动画新片《Anubis》改编自Bruce Zick的小说，讲的是一个木乃伊因诅咒而意外到埃及阴间旅行的故事，将于2018年3月23日复活节上映。,美国/动画/福克斯/美国电影/奇幻/BlueSky/魔幻/电影
25845398,玉女胜典,爱情,杨恭如重返大银幕 启航之作《玉女胜典》。想当年，在电影《风云》里暂露头角的杨恭如被大家奉为新一代玉女掌门。此次签约新东家，杨恭如的归来之作选择了电影《玉女胜典》。除了主演该片，杨恭如这次还将投身幕后，担任影片的制片人，为将来打好基础。,金城武/爱情/彭于晏/中国大陆/2015
26389464,印囧,剧情/喜剧,徐朗为找到新合伙人，带着律师、会计等四人小团队前往印度。从孟买到新德里，从泰姬陵到清真寺，四人展开一场惊心动魄的取经之路。菩提树下，他们最终收获真经，却发现这是一份关于心灵的礼物。,徐峥/囧/喜剧/搞笑/电影/中国电影/中国/剧情
26772465,阿凡达5：追寻伊娃,动作/科幻/奇幻/冒险,《阿凡达》续集上映时间公布：2020年12月18，2021年12月17，2024年12月20，2025年12月19。,《阿凡达》系列/科幻/阿凡达/詹姆斯卡梅隆/美国/2025/美国电影/动作
27195754,未定名新星球大战三部曲第三部,动作/科幻,星球大战新三部曲,科幻/迪士尼/星球大战/美国/欧美电影/冒险/SW/StarWars
26584586,王亚樵,动作/战争,,
26694926,狼行者,动画,讲述了11岁女孩罗芬的神奇经历。罗芬作为一个年轻的学徒猎人，她和父亲一起来到爱尔兰，准备消灭最后一批在那里的狼，但是改变她的事情来了，她发现了狼行者，此后一连串的古怪故事就发生了……,动画/爱尔兰/爱尔兰动画/汤姆·摩尔/动画电影/魔幻/2018/Tomm_Moore
25920008,排球甜心,喜剧/运动,,排球
26878467,滚蛋吧！渣男,喜剧/爱情/奇幻,唐贝贝每一次都发现自己爱上的是渣男，这些人表面上对她好，实际上根本不拿她当回事，她越是努力要对方爱自己，就越被渣得厉害，她在一次次的伤害中渐渐对爱情放弃了希望，认为全天下的男人都是渣男。虽然外表看起来光鲜亮丽，实际上她内心非常空虚，既不信任真正意义的恋爱，又不认可逢场作戏的欢愉，导致她已经很久没有开张，觉得人生一片灰暗。她收到一个神秘的礼物，就是“渣男鉴别眼镜”，她认为这是一个神的恩赐，从此以后她就可以摆脱100%遇渣男体质，为自己寻觅到一个好男人。不仅如此，她还利用这个眼镜为广大女同胞造福，和她的助理兼闺蜜刘依晨一起开了一个“渣男鉴定事务所”，为各种心存疑虑的女同胞鉴别渣男，并设局让渣男原形毕露。可她发现生活中所有男人的渣男指数都不低，有时候明明看起来很低，可是随便一点刺激就又激增，令她非常绝望，并决心如果以后能见到一个好男人，一定不能放过。她却不知道这一切都是韩哲林设下的圈套……,大陆
25778491,不够时间好好来爱你,剧情/爱情,筱薇被凯霸道的流氓气质所吸引，经过几次接触，筱薇发现凯并不像自己认为的那么坏，凯却突然消失。过了不久，竟然发现了凯原来是警方安插在黑势力集团中的卧底。,翻拍
27666571,未确认银翼杀手续集,科幻,《银翼杀手》和《银翼杀手2049》的编剧汉普顿·范彻日前接受了Discussing Film的专访，谈到了他很想再写一部《银翼杀手》的续集作品，并且对故事的发展已经有了具体计划。,科幻/赛博朋克/电影/美国电影/待看/反乌托邦/美国/政治
6875398,Livewire,动作/惊悚,,美国
26781007,第四道封锁线,剧情/战争,该电影由国家一级导演陈力执导，李天印、白景军任制片人，郝德俊、张利忠任制片主任。影片中集结了毛泽东扮演者王霙、王稼祥扮演者刘鉴等，可谓星光熠熠。主要表现了红军战士在长征途中不畏艰险，英勇杀敌，突破国民党重重封锁，抢渡湘江，保证了中央纵队如期到达遵义并召开遵义会议，确定了毛泽东同志在党和红军中领导地位的历史事实。,大陆
26337064,三体2,科幻,《三体》第一部科幻电影尚未出炉，据可靠消息称，出品方游族影业近期已经正式启动了《三体2》电影的筹备工作，而且相比电影《三体1》，其投资额度还会有进一步的增加。,科幻/三体/刘慈欣/电影/小说改编/中国/.必看/中国电影
26748045,公主日记3,喜剧/爱情/家庭,《公主日记》系列原著作者梅格·凯博特近日表示，他们可能会着手拍摄《公主日记3》，悼念去年去世的导演盖瑞·马歇尔（《公主日记》前两部导演）。梅格既是原作者也参与了电影的编剧，然而对于接下来这一部的发展她什么也没透露。唯一可以肯定的是，比起原著来，下一部会更加贴近电影中的剧情走向。,安妮海瑟薇/公主日记3/公主日记/Anne·Hathaway/爱情/喜剧/美国电影/电影
26373166,游戏扭转者,动作/犯罪,《游戏扭转者》则是动作犯罪类型，讲述一对矛盾父子组成游戏搭档经受无情的速度考验的故事。,中国大陆
26373167,算爱大师,喜剧/爱情,演员当导演也算有过先例，不过情感专栏作者做导演就令人瞠目了。素有国内 “情感奶爸”之称的陆琪也要做导演了，他将执导一部叫做《算爱大师》的电影，讲述了这样一个故事：高学历的海归才女沈璐开了一家算爱诊所，专门为痴男怨女解决感情问题。在近期的诊断中，发现了十位女生陆续向她求助，诉说无法忘怀这个抛弃她们的男人，沈璐发现她们所说的是同一个男人，而且这样的抛弃游戏更像是完成一个个任务...该片由叶伟民监制，将于年底开机。,
26743572,红拂夜奔,剧情,王小波的作品《红拂夜奔》将被改编为电影，徐克执导,王小波/徐老怪/情怀/徐克/小说改编/中国/思考/世界
27108757,Karnan,动作/奇幻/冒险,This film is based on Mahabharata.,
4312195,太极,喜剧/动作,周星驰在片中饰演一名隐姓埋名的太极宗师，他移居美国在唐人街打工洗盘子，为了保护受暴徒威胁的同胞们，他挺身而出，此后创办了武术学校将他的一身好功夫传授给他人。,周星驰/喜剧/安妮·海瑟薇/太极/香港/中国/动作/美国
26826392,十面埋伏,悬疑,,
26731786,悖论13,悬疑,贾樟柯“创业”成立新公司暖流文化，主攻商业电影，计划拍摄东野圭吾作品《悖论13》(贾樟柯监制)、李宇春导演处女作《人民路女神》、谍战片《双雄会》等。此外，新公司还将开展电影教育，专门培养和扶持电影人才。商业开发较难的电影，会保留在贾樟柯成立了十年的公司西河星汇。,东野圭吾/悬疑/冒险/惊悚/贾樟柯/大陆/脑洞
2136812,独眼侠,动作/惊悚/冒险,一个来自地狱厨房的勇敢的业余拳击手被军队招募来执行一些绝密任务。他很快被提升为队长，qigou.cc在那里他组建了第一攻击小队，这是一组执行精英任务的精英士兵。,Marvel/美国电影/美国/漫画改编/科幻/漫威/MARVEL/动作
30460419,Spy School,科幻,A smart but awkward middle school student is accidentally recruited to join a clandestine junior spy academy.,
25982457,Titan: The Life of John D. Rockefeller,传记,,人物传记
24889963,阿凡达4：祖古骑士,动作/科幻/奇幻/冒险,《阿凡达》续集上映时间公布：2020年12月18，2021年12月17，2024年12月20，2025年12月19。,阿凡达/科幻/詹姆斯·卡梅隆/美国/美国电影/奇幻/动作/冒险
25718135,僵尸世界大战2,动作/科幻/恐怖,派拉蒙叫停大卫·芬奇执导，布拉德·皮特主演的[僵尸世界大战]续集。该片原定于今春或夏初在亚特兰大开拍，而现在前期制作已经暂停。消息人士称，预算问题已经到了紧张关头，但不清楚这些问题是如何酝酿的，也不清楚酝酿了多长时间。同样不清楚的是，该项目是否会重新开发，或者是否会无限期搁置。目前，派拉蒙和CAA，皮特和Plan B方面，都没有发表评论。,丧尸/僵尸/灾难/科幻/恐怖/布拉德·皮特/美国/美国电影
26793863,迪昂妮,剧情/音乐/传记,灵魂乐女歌手狄昂·华薇克公布自己的传记片将于今年秋天开始制作。她本人将由托雅·卢凯特(“天命真女”组合前成员)扮演，Lady Gaga将扮演英国已逝女歌手茜拉 布莱克。消息传出后遭到Gaga负责人的否认，对此华薇克声称自己并未与Gaga本人接洽，而是和她的经纪人拟定的事宜。,
26411413,前任也曾是对的人,爱情,光线影业也将拍摄一部新片《前任也曾是对的人》，这个短句听起来十分耳熟，原来它出自赵薇为《左耳》演唱的同名主题曲中的一句歌词。,
26298999,繁花,剧情,王家卫的未来计划中有两部作品备受瞩目，一部是改编自南京作家张嘉佳《从你的全世界路过》书中一篇的《摆渡人》，一部是改编自上海作家金宇澄长篇小说的《繁花》，近日王家卫特别澄清，自己只会担纲《摆渡人》一片的监制，而导演人选将在近期公布，这也从侧面印证了王家卫的下一部执导电影将是《繁花》，目前拍摄日期及映期均未公布。,王家卫/吴亦凡/文艺/金宇澄/章子怡/电影/香港电影/香港
26370387,解密,剧情/悬疑,北京隽扉世纪公司宣布成功购买了麦家的长篇小说《解密》的影视改编权，并由第五代导演何平执导。何平表示目前正在打磨剧本，希望将其打造成一个重量级的中美合拍片：“这本小说牵扯到冷战时期的很多内容，关于冷战的大部分电影基本上都是表现美苏冷战，没有表现中美冷战的影片，这需要我们解密那些背后的故事。”,谍战/麦家/电影/推理/国产/何平/中国电影/中国
27054880,南山,剧情/历史,河正宇有望与李政宰合作电影《南山》，李政宰担任该片制片人以及参与剧本改编工作。《南山》背景设置在军事独裁政权达到极致的1980年代，故事则将聚焦在位于南山公园里的安全企划部(国家安全企划部，现国家情报院)里上演的谍战戏码。,李政宰/韩国电影/河正宇/韩国/崔岷植/电影/韩影/韩在林
30454889,Untitled Abby Kohn/Marc Silverstein Romantic Comedy,喜剧/爱情,Anne Hathaway has boarded an untitled contemporary romantic comedy being developed at STXfilms from screenwriters Abby Kohn and Marc Silverstein.,
33446894,未定名星球大战项目2,科幻,迪士尼CEO鲍勃·艾格确认：定于2022年12月16日、2024年12月20日和2026年12月18日的未定名星球大战项目将出自《权力的游戏》编剧戴维·贝尼奥夫&D·B·威斯（负责三部曲剧本创作&担任制片人）。,星球大战
30170847,神偷奶爸4,动作/动画/冒险,,小黄人/神偷奶爸/我喜欢！/美国动画/动画电影/动画/*喜剧/2024
26746777,Amok,剧情,,
25778489,顶峰,科幻,2015年这位炙手可热的香港女导演手握三部风格迥异的新片：汇聚中韩众多一线明星的《顶峰》,古天乐/香港电影/华语电影/科幻/中国大陆/2016/上映日未定/待定
5348089,阿凡达3：带种者,剧情/动作/科幻/奇幻/冒险,《阿凡达》续集上映时间公布：2020年12月18，2021年12月17，2024年12月20，2025年12月19。,科幻/阿凡达3/美国/阿凡达/詹姆斯卡梅隆/美国电影/动作/电影
26674020,买凶杀狗,剧情/喜剧,,林依晨/杜江/[華語]/(待下)
27030638,Untitled Marvel Project,动作,,Marvel/超级英雄/电影/漫威电影宇宙系列/改编自动漫
27195110,未定名新星球大战三部曲第一部,科幻,<星球大战>新三部曲,科幻/美国/迪士尼/星球大战/冒险/SW/美国电影/电影
3269092,树屋,剧情,"1910 Pommerania - Germany Thomas von Farnow wakes from a menacing, erotic dream. It will stay with him through the summer holiday at his ancestral home and eventually unlock the true nature of his domineering father, Klaus. Thomas has failed his exams and left his boarding school in disgrace. At 18 he's come of age and now finds everything at home is subtly altered. His childhood friend, a country boy, has been made his personal valet. From now on they're master and servant. And his father is distant, Thomas' growing isolation is only lifted by his cousin Ellita. At twenty-five she's fascinating, glamorous and unpredictable. From seeing her as some kind of older sister destined to marry well, Thomas now feels her erotic charge. Ellita shows him her mother's sensual journal of years ago, when she had a passionate affair with an unnamed lover. Fascinated, Ellita & Thomas are drawn together as they try to discover his identity from the clues in the journal...",欧洲电影/○电影/JeremyIrons/2016/找/Jeremy_Irons
6874792,凤凰,剧情/动画,《凤凰》的故事主角是一个生活在西南边境的小女孩，全片讲述她寻找母亲、破解身世之谜的传奇故事。,国产动画/动画/中国/中国电影/动画电影/大陆/动画片/剧情
25723080,莫洛博士岛,科幻,今年有《了不起的盖茨比》《华尔街之狼》等诸多重要电影登场的好莱坞当红巨星莱昂纳多·迪卡普里奥，最近又有了新动作——他打算通过自己的亚壁古道（Appian Way）制作公司，与华纳电影公司进行深度合作，将英国小说家赫伯特·乔治·威尔斯（H.G. Wells）的著名科幻恐怖小说《莫洛博士岛》（The Island of Dr. Moreau）搬上大银幕，他有可能只以制片人身份加盟这部电影的制作。,莱昂纳多·迪卡普里奥/美国电影/科幻/2022
1499149,功夫2,喜剧/动作,暂无,周星驰/功夫2/喜剧/香港/香港电影/搞笑/电影/华语电影
27091382,刺狐,悬疑,"想他顾云风如此风云纵横,居然对一个傻瓜情有独钟,已经是常人羡慕之极的了。可是眼前这个只爱睡觉和巧克力的傻瓜-陆子明居然动物本能似的逃开,老狐狸决定一定要把这只IQ180的小刺猬拿过来好好享用...ysgou.cc腹黑强攻—顾云风 单纯迟钝受—陆子明……","内地,悬疑"
26738979,歌舞青春4,喜剧/歌舞,迪士尼正式宣布将拍摄《歌舞青春4》，开始在全美国选角，选拔新的少男少女，曾执导《青春海滩》的Jeffrey Hornaday或将担任新片导演与编舞，编剧仍有可能将是前3部的Peter Barsocchini。,歌舞/音樂劇/愛情/音樂/美片/美国/友情/電影
30167997,黑豹2,动作/奇幻/冒险,复仇者联盟3》新海报出现了23个漫威超级英雄同框的景象，小蜘蛛、钢铁侠与锤哥地位居中。曝光的还有美队与黑寡妇的片场照。漫威将推进《黑豹》续集，同时未来会看到更多黑豹妹妹苏睿公主。,漫威/Marvel/超级英雄/复仇者联盟/科幻/美国/动作/2022
26256370,Joseph Merrick,剧情/传记,"The life of Joseph Merrick, who's deformities garnered him the name, ""The Elephant Man"".",美国电影/象人/虐待/畸形秀/残疾人/普罗蒂斯综合症/人性/TSPDT
22854093,The Power of the Dog,剧情/悬疑/惊悚/犯罪,,
26912221,魔女狂花,动作/科幻,劳模姐杰西卡·查斯坦加盟科幻新片《魔女狂花》。本片根据漫画改编，讲述查斯坦饰演的卧底女警在遭受重伤后意外获得超能力，并化身义警“止痛剂”，打击城市中的罪恶势力。查斯坦执掌的雀斑影业负责制作，此次是劳模姐继《他和她的孤独情事》和《动物园长的夫人》后再次担任制片人。,JessicaChastain/2018/美国电影/美国/科幻/Jessica·Chastain/电影/无法下载
26936171,黑暗物质,科幻/惊悚,导演罗兰·艾默里奇有望执导索尼科幻惊悚片《黑暗物质》(Dark Matter，暂译)。影片改编自布雷克·克劳奇今年7月出版的同名畅销小说。一位大学物理教授原本拥有一个幸福家庭，一日突遭劫持，醒来后发现自己身处一个完全陌生的世界，而这一跨次元的穿越正源自他自己的物理理论。,科幻/2019/罗兰·艾默里奇/惊悚/待看
26901418,未定名Alexander Hawke特工电影,剧情/动作,据美国媒体报道，派拉蒙影业获得了美国小说家Ted Bell系列间谍小说的改编权，该小说的主人翁是一位名叫Alexander Hawke的英国军情六处特工，类似于经典的007形象。影片将由《特工绍特》的编剧科特·维莫执笔剧本。,
26599767,摩登之海,剧情/爱情/冒险,影片故事聚焦海洋资源之争，一条至关重要的海航线、无数珍贵的奇珍异宝，点燃了人们心中的欲望。FilmNation公司如此描述本片：“这是一个史诗般的故事，布满危险与阴谋。它将我们从阿尔及利亚的古老商贸组织，带入伸手不见五指的幽暗海底。”,AsaButterfield/TomHolland/安妮·海瑟薇/基努·里维斯/美国/科幻/美国电影/剧情
3011514,日落大道,剧情/歌舞,经典百老汇音乐剧《日落大道》将拍成电影，格伦·克洛斯主演，最新找到导演：曾获托尼奖的著名音乐剧编舞Rob Ashford(《摩登米莉》《冰雪奇缘》)，这将是他首次执导电影长片，Andrew Lloyd Webber等任制片人。,Musical/音乐剧/美国/待映/Webber
10432180,Harker,动作/惊悚/奇幻,,
3439365,史蒂夫·麦奎因,剧情/传记,已故影星史蒂夫·麦奎因传记片获得A类融资，进入筹备阶段。麦奎因是好莱坞六七十年代硬汉动作片明星，曾出演[豪勇七蛟龙]、[大逃亡]、[巴比龙]等片，他除了演员之外还是一位冠军赛车手。据悉，导演詹姆士·格雷([移民])和杰瑞米·雷纳正在积极谈判中，查宁·塔图姆和瑞恩·高斯林对此片也有极大兴趣。,纪录片/剧情
26879688,沃霍尔,剧情/传记,“小丑”杰瑞德·莱托将出演讲述安迪·沃霍尔的自传片《沃霍尔》，他还将担任新片制片。特伦斯·温特操刀剧本。沃霍尔的作品自上世纪50年代开始展出，他被誉为20世纪最知名的艺术家之一，是波普艺术的倡导者和领袖，代表作包括《玛丽莲·梦露》等。沃霍尔于1987年去世。,美国/JeradLeto/传记/JaredLeto/Gay/待映/#电影
25792612,诱惑英格丽·褒曼,剧情/传记,杰西卡·查斯坦曝出新片动态，她将加盟电影《诱惑英格丽·褒曼》（Seducing Ingrid Bergman），饰演这位传奇女星。影片由《摩纳哥王妃》的编剧阿拉什·阿梅尔执笔并制作，讲述褒曼和匈牙利战地摄影师罗伯特·卡帕间的罗曼史。,美国电影/JessicaChastain/传记电影/Bergman/美国/Jessica·Chastain/无法下载/劳模姐
26258779,银河护卫队3,动作/科幻/冒险,《银河护卫队2》5月5日就将在全美上映，在被问及是否会继续创作《银河护卫队》时，导演詹姆斯·古恩肯定地说：“这是肯定的，我们一定会拍《银河护卫队3》。我现在正在思考这个问题，但是现在我必须想清楚故事要往哪个方向发展，这也决定着我未来三年的时间将会如何度过。”,漫威/漫威电影宇宙/超级英雄/科幻/MARVEL/Marvel/美国/2020
25727231,眺望旅馆,恐怖,1980年的《闪灵》由斯坦利·库布里克（Stanley Kubrick）导演、杰克·尼科尔森（Jack Nicholson）主演，故事讲述一位失意编剧带着妻儿到位于落基山中、与世隔绝的了望酒店，当起了这里的看管人，不过这座酒店阴气很重，杰克也明显受到影响逐渐走向疯狂，最后甚至拿起斧头要杀死自己的妻儿。,美国/恐怖/小说改编/闪灵前传/美国电影/斯蒂芬·金/实验
3718468,破娃娃,剧情/爱情/惊悚,"Tori Alvarez - a sexy 18 year old Mexican American girl is struggling to be the first in her family to graduate from high school. She begins a torrid affair with an older cop who happens to be the Father of her best friend. The affair triggers a chain of events that will change the lives of those around her, forever. Straddling the line between redemption and despair - an unexpected twist sends life for Tori spiraling out of control into a web of sex, deceit, gangs, drugs, abuse, revenge, and murder.",美国/4.0星/美国电影/纪录片美国/Serratos3/Christian/2014
26809127,The Marquis,剧情/爱情,The Marquis will shoot in English and is being earmarked for a winter 2016-17 production start.,
26600304,洗礼,喜剧/动作/科幻,《洗礼》由Jac Schaeffer编剧，故事开始于一场婴儿洗礼的仪式，就在来宾见证新生命洗礼的同时，一场流星雨不期而至。这场流星雨把所有的男性都变成了外星人，幸存的女人们不得不承担起拯救自己和世界的重任。,美国电影/喜剧/AnneHathaway/科幻/Anne·Hathaway/未上映2018/未上映/待看
24701005,Alienology,动画/奇幻,,
26410682,凯蒂猫大电影,动画,据记者从一位接近三丽鸥中国公司的人士处了解到，目前三丽鸥中国已与国内一家制作公司达成合作协议，计划制作Hello Kitty大电影五部曲，而首部电影暂定于2016年年中上映。该知情人士还强调，此次的电影将只在中国市场发行，而这也是Hello Kitty这一卡通形象首次被制作成系列电影。,动画/动物/电影/玩具/猫/日本/待看/宠物
30444942,海王2,动作/科幻,据消息人士告诉Deadline，[华纳兄弟]正在展开讨论进程，计划让温子仁来监督《海王2》的前期筹备工作，包括由他来决定选择哪些编剧来完成剧本创作工作，之后会在温子仁看完剧本后让他决定是否愿意回归执导DC作品。,DC/温子仁/超级英雄/科幻/美国/电影/杰森·莫玛/超英
3718495,出现在我脑海,剧情/爱情/惊悚/战争,An intense and erotic love is born out of loneliness and secret passion. The woman is married. The young soldier is starting to recover. She is not who he thinks she is. A film about the urgency of deceit and desire; seeing and not seeing.,英国/JackLowden/SallyHawkins/电影/英国电影/2018/UK/OliviaWilliams
33406921,Huck,动作,Huck用他的特异天赋行善事，但当秘密被大家知道后，他踏上了改变人生的冒险之路。本片改编自马克·米勒的漫画。,
20399340,Risen,动作,"A man wakes in a morgue with no memory of who he is or how he got there. His only identity is his tag: ""John Doe."" On the run, with everyone trying to kill him, Doe must decipher the mystery of his existence.",
3148091,通缉令2,动作/惊悚/犯罪,去年票房大卖的影片《通缉令》（Wanted，又译刺客联盟）的导演提莫·贝克曼贝托夫（Timur Bekmambetov）近日接受俄罗斯媒体采访时透露，《通缉令2》将于今年年底开拍，主演安吉丽娜·朱丽的角色有望“复活”。,动作/AngelinaJolie/JamesMcAvoy/美国/刺客联盟2/刺客联盟/美国电影/续集
26434828,星际迷航4,动作/科幻/冒险,克里斯·海姆斯沃斯在与外媒《综艺》的采访中，确认他已拒绝出演重启版《星际迷航4》，原因是他对剧本不很满意：“我认为我们还没有找到足够的理由来重访，我不希望我将展现的东西不能让我自己激动。”,星际迷航/科幻/StarTrek/美国/经典/电影/2019/ChrisPine
30171998,你房里有人,恐怖,Netflix拿下Stephanie Perkins所著畅销小说《你房里有人》(There’s Someone Inside Your House)的电影改编权，温子仁的Atomic Monster和肖恩·利维的21 Laps制片公司参与制作。亨利·盖登(《沙赞》《地球回音》)改编剧本，讲述年轻女孩Makani Young从夏威夷去到内布拉斯加与祖母一起生活，结交了一群新朋友，爱上了一个神秘的局外人Ollie Larsson，但她以前在夏威夷的生活依旧难以忘怀。不久后，她的高中朋友们开始莫名其妙的在一系列可怕的谋杀案中丧生，没人知道谁是下一个。虽然恐惧加剧，她对Ollie的感情越来越强烈，被迫直面内心的黑暗秘密。风格类似1980年代的恐怖电影与约翰·休斯的成长记事电影相结合，Michael Clear＆ Michael Clear (《安娜贝尔2》《关灯后》)也担任制片人。,恐怖/温子仁/惊悚/美国电影/犯罪/改编/悬疑/待看
22825908,苍之URU 剧场版,剧情/动画,「新世紀エヴァンゲリオン」などで知られるアニメ制作会社「ガイナックス」が、,GAINAX/日本/剧场版/科幻/动画/日本动画/アニメ/动画片
10551473,永恒的爱,剧情/动作/爱情,大卫·雷奇(《死侍2》《疾速追杀》)将执导漫画改编电影《永恒的爱》(Undying Love)，Studio 8制作，托米·维尔科拉(《猎杀星期一》《女巫猎人》)编写剧本。漫画由Tomm Coker 和Daniel Freedman创作，设定在现代香港，中国民间传说与重新改造的吸血鬼传说相碰撞，讲述以时代为背景的动作冒险故事：退伍军人约翰·萨金特爱上了一个吸血鬼——一个叫梅的中国女人。为了让梅摆脱吸血鬼的诅咒，约翰必须在香港黑社会杀出一条血路，杀死改变她的吸血鬼。碰巧，梅被史上最强大的吸血鬼之一改变了。,漫改/吸血鬼/美国电影/改编/恐怖/动作
11501204,雪崩,科幻,,赛博朋克/科幻/2022/灾难/待看
2363948,Colossus,剧情/科幻/惊悚,A supercomputer designed for the U.S. government decides that the most effective way it can protect the country is to assume complete control.,未上映2017/2019
25749280,Girlfriend in a Coma,喜剧/爱情,,
11518998,武士,动作,,
10526385,The Food of Love,剧情/音乐,,2010s
30371679,百分之十一,剧情/喜剧,An extraordinary twist of fate grants ten ordinary people a controlling stake in one of America's biggest banks.,
3041286,Legion of 5,动作/动画,Five super-humans in the Legion of 5 are accused of the murder of the president of the united states.,
26594527,君子道：上海滩后传,剧情,丁力（范雨林 饰）手下众人追击“枪杀”许文强的枪手，枪手乘坐黑色轿车逃之夭夭。幕后黑手无从得知。,2015/剧情/高圆圆/黎明/爱情/中国大陆/上海滩后传/马天宇
26277246,叶栅,科幻,这部新片暂定名《Cascade》，由20世纪福斯出品，将由雷德利·斯科特、斯蒂文·泽里安等联合制片，导演人选目前锁定了冰岛导演巴塔萨·科马库，他曾拍摄过《白夜婚礼》、《深渊》等佳作，近年来在好莱坞发展，拍摄了《双龙出手》等不同风格的影片。他现在与福斯仍在最后的商谈阶段。,大魔王/m2019/女神/2019
26717831,东西方,剧情/喜剧/爱情,章子怡将与环球合作一部喜剧《East/West》，从片名也可以预知这是一部关于东西方文化的喜剧。章子怡将主演并担任制片人之一。美剧《摩登家庭》导演Jason Winer执导。Ethan Sandler与Adrian Wenner 负责剧本。,章子怡/美国/期待/喜剧/2017/美国电影/爱情/华语电影
26648932,幸好有牛奶,动画,"尼尔·盖曼（Neil Gaiman）的童书《幸好有牛奶》（Fortunately, the Milk）即将被20世纪福克斯搬上大银幕，曾经执导过《热血警探》（Hot Fuzz）等奇奇怪怪、脑洞大开影片的英国导演埃德加·怀特（Edgar Wright）将担任该片导演，而约 翰尼·德普（Johnny Depp）则将担任主演。",JohnnyDepp/EdgarWright/约翰尼·德普/埃德加·赖特/2018/美国/电影/动画
26728612,桑迪顿,剧情/爱情,Oscar-nominee Charlotte Rampling (45 Years) is to star in a film adaptation of Jane Austen’s never-before dramatised final novel Sanditon.,简·奥斯汀/小說改編/JaneAusten/英国/待看/彩色/英剧/夏洛特·兰普林
26925611,你想活出怎样的人生,动画/奇幻/冒险,吉卜力工作室官网宣布重新开张，将制作动画大师宫崎骏最新动画电影作品！关于这部新片的故事等信息目前还在保密中，但宫崎骏动画电影制作人铃木敏夫向粉丝们透露，在2020年东京奥运会之前，新片或将与观众见面。,宫崎骏/吉卜力/日本/日本动画/动画/电影/动画片/动漫
2609258,芝加哥七君子审判,剧情,影片改编自真实事件，1969年七名民权运动分子因在前一年芝加哥民主党代表大会召开时举行抗议活动而被控阴谋罪，这也成为60年代民权运动重要事件之一。,AaronSorkin/美国/美国电影/英语的标签/英语电影/剧情/艾伦·索金/电影
27011204,不列顛之战,剧情/动作/历史/战争,雷德利·斯科特老爷子在拍完《异形：契约》后，将拍摄一部聚焦“不列颠之战”的二战电影。不列颠之战是二战期间纳粹德国对英国发动的大规模空战，也是第二次世界大战中规模最大的一场空中战役。影片目前还处于早起开发阶段，剧本尚未完成，不过已确定由新秀Matthew Orton执笔。,二战/战争/历史/英国/雷德利·斯科特/电影/RidleyScott/美国电影
4132412,飓风中的清白者,剧情/动画/历史,"In post-Katrina New Orleans, a Syrian-born painting contractor assisting in the rescue efforts finds he's suspected of being a terrorist.",NEW
7065153,Untitled Bobby Glickert/Sci-Fi Thriller Project,科幻/惊悚/犯罪,,2018
30267333,密室之不可逃脱,悬疑/恐怖,以推理小说家和私家侦探双重身份成名的柳飞云遇上了一个针对自己而来的挑战。接受了这个充满恶意和阴谋的挑衅，自傲而不服输的柳飞云带着经纪人李晓峰欣然前往目的地，一个深山之中的酒庄。除了柳飞云二人，被邀请至此的还有其他七人。几个不同身份互不相识的陌生人在这个被完全封闭起来的酒庄中，卷入了一起以亿万财富和生命为赌注的豪赌。就在这场赌局开始不久，有人在众目睽睽中突然死亡。绝命的倒计时开启，活下去的可能性越来越小。面对这场不知对手是谁的赌局，被逼入绝境的柳飞云踏上了通向真相的死亡之渊。,陳冠希/[華語]/2022/电影/(待下)
30267295,千岛湖之恋,剧情/动作/爱情,电影《千岛湖之恋》是由汪桔华执导，张子冉领衔主演，该剧围绕现代爱情为主线，讲述发生在你我身边的爱情故事。,
30290068,超级宠物,动画,华纳宣布与DC共同开发的新片[超级宠物联盟](DC Super Pets，暂译)北美定档2021年5月21日。影片由贾里德·斯特恩([乐高蝙蝠侠大电影]编剧)、山姆·J·莱文([无敌破坏王]编剧)共同执导。原漫画此前曾被制作成动画剧集，主角为正义联盟成员的宠物们，包括超人的狗狗小氪，蝙蝠侠的宠物蝙蝠牛，超女的宠物猫Streaky，海王的宠物海马Storm等。,DC/小氪/动画/待看/美国/华纳/22-05
22265844,Untitled Maria Callas Project,传记,,音乐
26721433,沙堡帝国,科幻,派拉蒙要将青少年末日预警题材小说《沙堡帝国》搬上大银幕，莱昂纳多·迪卡普里奥的制片公司Appian Way已买下小说改编权并负责制片。环保问题一直是小李关注的焦点。小说聚焦气候变化，故事设定在2049年。一个名为“狼群”的激进派系推翻政府取得控制权，而少女伊登从集中营逃出并发现惊天秘密。,美国/科幻/电影/小说改编/2022
3543304,革命往事,剧情/传记,塞尔维亚导演埃米尔·库斯图里卡（Emir Kusturica）最近在筹拍一部讲述墨西哥革命英雄派其奥·维拉（Pancho Villa）故事的西班牙语传记片，约翰尼·德普（Johnny Depp）有望担纲主演，扮演这位墨西哥历史上著名的开国功臣。,JohnnyDepp/EmirKusturica/美国/约翰尼·德普/西班牙/电影/美国电影/非常期待的新片
27125418,杀破狼3,剧情/动作/犯罪,导演叶伟信透露，因为吴京拍《战狼2》的关系，特意推迟了《杀破狼3》的拍摄。所以《贪狼》并非大家以为的《杀破狼3》，而是系列的一部独立续集番外篇。,杀破狼/吴京/动作/犯罪/香港电影/中国/动作惊险/香港
11580859,二十一世纪特工,喜剧/动作,,美国电影/BenicioDelToro
27108754,Mahabharata: Part 2,动作,"When he discovers that the Kurukshetra war represents his own mind and the enemies turns out to be his inner fears, Bhimasena,along with his four brothers, wreak havoc across the battlefield.",
25863752,Martian Time-Slip,科幻,,2019
3279058,Villains,动作,,
7052443,福特之城,爱情,A dramatic romance between Joanna shared a Brazilian who has learned to assert their rights as workers and Mitchell was an American expatriate who Americanism against Ford on behalf of a great love.,JamesFranco/巴西电影/詹姆斯·弗兰科/美国电影/巴西/哈维尔·巴登/电影/杰夫·布里吉斯
30198716,黑鹰,动作/科幻/冒险,史蒂文·斯皮尔伯格将与DC合作拍摄超级英雄电影，这是斯导第一次涉足超英题材影片。 主角是DC漫画人物“黑鹰”，黑鹰原本属于质量漫画旗下人物，1956年被DC漫画收购，成为了DC漫画的超级英雄角色。在新52之前，黑鹰本名雅诺什·普罗哈斯卡（Janos Prohaska），是黑鹰小队的领导者，常胜七勇士以及全明星中队成员。新52的黑影本名安德鲁·林肯（Andrew Lincoln），是黑鹰项目成员。,DC/斯皮尔伯格/科幻/超级英雄/漫画改编/二战/动作/2022
26780086,汽车人总动员2：疯狂逆袭,动画/情色,虽涉嫌深度抄袭迪士尼的《赛车总动员》，国产动画电影《汽车人总动员》仍预备制作续集。该片导演卓建荣近日表示，续集定名为《汽车人总动员2：疯狂逆袭》，将于2017年暑期档以3D形式上映。影片拟邀TFBOYS组合担任电影配音，但目前TFBOYS方面并无回应。,烂片/还要脸不/抄袭/无耻/垃圾/大垃圾/未观觉烂/！这也叫电影？？？？
25769306,神庙逃亡,动作,"Feature film based on the video game, ""Temple Run"", centering on an explorer trying to steal an idol.",动作/游戏改编/美国/2016/美国电影/电影(洋)/电影/奇幻电影
26265958,未定名保罗·罗伯逊传记电影,传记/历史,《为奴十二年》导演史蒂夫·麦奎因透露，他的下一部电影是关于美国著名男低音歌唱家、演员、社会活动家保罗·罗伯逊的传记电影。据悉，哈里·贝拉方特将出演这部电影其中的一个角色。目前，这部电影具体的开机时间还未最终确定。,美国/保罗·罗伯逊
3013605,重金属,动作/动画/奇幻,派拉蒙将制作一部由科幻杂志“Heavy Metal”（《重金属》）启发的动画电影，该片类似《黑客帝国动画版》，也是由若干部短片构成的。今天据Film School Rejects报道，有多位名导将加入该片，分别执导其中的一部分。,动画/美国/科幻/大卫·芬奇/美国电影/DavidFincher/短片/JamesCameron
26802731,女巫猎人,恐怖,约翰·希尔寇特([无法无天])将执导重制版[女巫猎人]。本片由乔恩·克罗克([黑衣女人2：死亡天使])撰写剧本，将于今年晚些时候开始选角。尼古拉斯·温丁·雷弗恩等担任制片人。原版影片由文森特·普莱斯、伊恩·奥格尔维、鲁珀特·戴维斯主演，改编自罗纳德·巴塞特的小说。故事发生在1645年的英格兰诺福克，是对现实生活中的女巫猎人马修·霍普金斯以及他在英国内战期间犯下的滔天罪行的虚构探究。,改编/恐怖/尼古拉斯·温丁·雷弗恩/丹麦电影
3104219,窈窕淑女,剧情/爱情/歌舞,卖花女伊莉莎·杜利特尔，长得眉清目秀，聪明伶俐，但出身寒微，家境贫寒。她每天到街头叫卖鲜花，赚点钱养活自己补贴父亲。一天，伊莉莎低俗的口音引起了语言学家希金斯教授的注意，教授夸口只要经过他的训练，卖花女也可以成为贵夫人。伊莉莎觉得教授说的话对她是一个机会，就主动上门要求 教授训练她，并付学费。被嘲弄后，教授的朋友皮克林（为了成全伊莉莎）和他打赌，如果让伊莉莎以贵夫人的身份出席两个月后将举办的大使游园会而不被人识破真相，那么皮克林愿意承担一切试验费用和伊莉莎的学费，这激起了教授的斗志，希金斯欣然接受了挑战。他是不甘示弱的，他从最基本的字母发音开始教起。希金斯是个精力旺盛和讲究科学的学者，对每一件感兴趣的事都能废寝忘食。他胸怀坦荡、丝毫不怀任何恶意，但他又象孩子一样，毫不顾及他人的感情，对伊莉莎严加训练。 来源：,CareyMulligan/美国/美国电影/2012/KeiraKnightley/爱情/电影/EmmaThompson
1946861,白色爵士,剧情/悬疑/犯罪,"Set in late 1950s Los Angeles, as vice cop Dave Klein senses he's being set up by the police commissioner, he sets out to expose a decades-old network of corruption engineered by the LAPD.",我看过的英语电影/我看过的电影/看电影/电影者/我的标签/黑色电影/詹神/詹姆斯艾尔罗伊
26639112,老虎和兔子,动作,著名日本动画《老虎和兔子》(TIGER & BUNNY)将被拍成好莱坞真人电影，华裔企业家唐伟旗下的Global Road Entertainment近日宣布了该消息，他们将与动画版的打造者万代南宫梦、朗·霍华德的Imagine Entertainment、阿齐瓦·高斯曼的Weed Road Pictures在未来三年内一起做这部真人版。之前该动画有过拍好莱坞真人版的消息，这次编剧也还是此前找的Ellen Shanman(《毫不畏惧》《加拉赫女孩》)，不过之前的项目长期没有更新，如今看Global Road加入后会不会有大的进度推进。电影剧情仍将讲述在近未来都市Stern Bild，老兵虎和年轻搭档兔一起打击超能力犯罪分子。,美国电影/美国/电影/未上映2017/动漫
26653386,伯恩斯坦,剧情/音乐/传记,布莱德利·库珀将自导自演传记影片[伯恩斯坦](Bernstein，暂译)，[聚焦]、[华盛顿邮报]编剧乔希·辛格操刀剧本。库珀、史蒂文·斯皮尔伯格、马丁·斯科塞斯、弗雷德·伯纳等将担任制作。影片围绕传奇指挥家、作曲家伦纳德·伯恩斯坦([西区故事])的生平故事展开。本片为今年第二个关于伯恩斯坦的电影项目，先前有杰克·吉伦哈尔主演、凯瑞·福永执导的[美国人]。,伯恩斯坦/传记/布莱德利·库珀/美国电影/马丁·斯科塞斯/剧情/美国/MartinScorsese
30226047,未定名尤利西斯·格兰特传记片,剧情/传记/战争,斯皮尔伯格和莱昂纳多·迪卡普里奥有望自《猫鼠游戏》后再次合作：老斯在早期商谈加盟美国军事家、政治家尤利西斯·格兰特的传记片，狮门出品，小李此前已是制片人身份，老斯有意执导、小李主演，目前都还没定。狮门去年拿下了 Ron Chernow所著传记书《格兰特》的电影改编权，剧本由刚刚和狮门合作了《罗宾汉：起源》的David James Kelly操刀。,
25884655,摩登原始人,喜剧/动画,华纳动画最近确认将把大伙喜爱的动画电视剧《摩登原始人》（The Flintstones）以动画片的形式再度搬上大银幕，喜剧演员威尔·法瑞尔（Will Ferrell）将参与该片的制片。,美国电影/待看
30449275,永恒的爱,剧情/动作/爱情,大卫·雷奇(《死侍2》《疾速追杀》)将执导漫画改编电影《永恒的爱》(Undying Love)，Studio 8制作，托米·维尔科拉(《猎杀星期一》《女巫猎人》)编写剧本。漫画由Tomm Coker 和Daniel Freedman创作，设定在现代香港，中国民间传说与重新改造的吸血鬼传说相碰撞，讲述以时代为背景的动作冒险故事：退伍军人约翰·萨金特爱上了一个吸血鬼——一个叫梅的中国女人。为了让梅摆脱吸血鬼的诅咒，约翰必须在香港黑社会杀出一条血路，杀死改变她的吸血鬼。碰巧，梅被史上最强大的吸血鬼之一改变了。,漫改/吸血鬼/美国电影/改编/恐怖/动作
33385049,老虎的学徒,动作/动画/冒险,,
24754298,去拉萨,剧情,2012年博纳公布《去拉萨》项目之后，于2013年9月26日如约开机了，讲述了面临中年危机酒吧调酒师、富有的商人太太、丧偶的老军人三个迥然不同的人物，面对各自的困难和尊严的故事。然而，持续拍到13年底，《去拉萨》迟迟没有杀青的消息，之后更是石沉大海音讯全无了。,刘涛/張嘉譯/电影/张嘉译/劉濤/Z张嘉译/L刘涛/#演员@张嘉译
21446970,超能失控2,动作/科幻/惊悚,《超能失控2》将继续讲述安德鲁一行人的超能之旅,科幻/超能失控/美国/DaneDeHaan/电影/续集/奇幻/悬疑
10810266,莫斯科任务,剧情/动作,博纳公布新片计划 徐克将开拍《智取威虎山3D》,林超贤/警匪/动作/香港电影/中国/期待，23号刚看完红海。。。/华语电影/上映日未定
34456114,未定名崔东勋导演电影,剧情/科幻,导演崔东勋的最新“群星阵容”外星人题材科幻大片将于2019年底或2020年初开机。此前因为确诊鼻咽癌而错过与之合作的金宇彬有望通过该片回归影坛，同时加盟的演员还有全智贤、柳俊烈和金泰梨。,全智贤/韩国电影/金宇彬/金泰梨/老柳/柳俊烈/韩国/2022
4845732,中国奥德赛,动作,,2022
27003700,Cold Warriors,喜剧/动作,The stepson of a retired CIA agent forgoes a video game conference in The City of Love to help his stepfather end a Cold War era mission.,
3614970,落水鸟,剧情,A playwright's life begins to mingle with the fictional characters he has created.,CillianMurphy/JonathanRhysMeyers/ColinFarrel/MichaelFassbender/爱尔兰/爱尔兰电影/小乔/法鲨
30411578,超级宠物,动画,华纳宣布与DC共同开发的新片[超级宠物联盟](DC Super Pets，暂译)北美定档2021年5月21日。影片由贾里德·斯特恩([乐高蝙蝠侠大电影]编剧)、山姆·J·莱文([无敌破坏王]编剧)共同执导。原漫画此前曾被制作成动画剧集，主角为正义联盟成员的宠物们，包括超人的狗狗小氪，蝙蝠侠的宠物蝙蝠牛，超女的宠物猫Streaky，海王的宠物海马Storm等。,DC/小氪/动画/待看/美国/华纳/22-05
7051829,Quasimodo,剧情,"In 15th century France, a gypsy girl is framed for murder by the infatuated Chief Justice, and only the deformed bellringer of Notre Dame Cathedral can save her.",TimBurton/蒂姆·波顿/哥特/美国/名著翻拍/2013/爱情/文学小说
26641068,未定名李·米勒传记片,剧情/传记,凯特·温斯莱特将再度出演真实人物——美国时装模特、艺术家和战地记者李·米勒。影片根据传记《李·米勒的生活》（The Lives of Lee Miller）改编，讲述她的传奇故事。影片暂未命名。,KateWinslet/李米勒/传记/美国电影/人生/美国/故事片/2018
3608727,City of Lies,喜剧/爱情,,
6736968,弗兰克或是弗朗西斯,喜剧/歌舞,,CharlieKaufman/2013/美国/SteveCarell/JackBlack/Charlie_Kaufman/NicolasCage/美国电影
3628378,玛士撒拉,动作/冒险,乔·沃茨([蜘蛛侠：英雄归来])商谈执导迈克尔·B·乔丹主演华纳新片[玛士撒拉]。扎克·迪恩([陷阱])撰写初版剧本，托尼·吉尔罗伊([夜行者])撰写最新版本剧本，目前仍在寻找编剧重写撰写剧本。影片将讲述《圣经》中活了969岁的玛士撒拉的故事。在玛土撒拉969岁那年，希伯来历世界纪元1656年的第11个玛西班月，他过世了。在玛土撒拉死去后7天，世界发生大洪水。他的长寿使其名字成为了不少古老东西的代名词。迈克尔·B·乔丹、大卫·海曼、杰弗里·克利福德担任制作人。,美国电影/汤姆克鲁斯/美国/2018/译制片/电影/圣经/历史
2137271,牧羊少年奇幻之旅,剧情,Paulo Coelho 畅销新世纪(new age)灵魂小说《The Alchemist》(炼金士)将被华纳兄弟(WB)搬上大银幕。该书一经出版受到大量读者好评，号称一部触动灵魂之作。,小说改编/梦想/成长/炼金术士/经典/人之所以为人/美国/剧情
19944306,地心历险记3,动作/科幻/奇幻/冒险,"Sean and Hank go on their biggest adventure yet, to the moon.",地心历险记3/科幻/冒险/奇幻/美国/地心游记/美国电影/动作
26370432,Runner,动作,,美国/姜成镐
26824810,Moonfall,科幻/惊悚,,翻拍/月球陨落/时间机器
3078409,古驰,剧情/传记/历史,王家卫又有了新项目。金牌女制作人梅根·埃里森已与墨镜王接洽，邀后者执导雷德利·斯科特搁置多年、描绘Gucci家族的犯罪传记片。该项目将聚焦Gucci创始人Guccio Gucci的孙子凶杀犯Maurizio Gucci。原定李奥纳多·迪卡普里奥和安吉丽娜·朱莉出演。现在则传闻玛格特·罗比加盟，饰演Patrizia Reggiani，这位被判定谋杀前夫，而锒铛入狱的女人。Andrea Berloff和Charles Randolph曾撰写本片剧本初稿，尚不确定谁会来接手最终剧本。,王家卫/Gucci/美国/传记/美国电影/@王家卫/人物传记/安吉丽娜朱丽
26756309,可怕之日,剧情,,
2998467,未定名我是传奇重启版,动作/科幻/惊悚,据美国媒体报道，华纳兄弟一直在筹备《我是传奇》的续集（或前传），但由于男主角威尔·史密斯没有回归的意愿，华纳只能另辟蹊径重启该项目，新故事将和原版的《我是传奇》没有任何关系。,威尔·史密斯/科幻/我是传奇2/美国/WillSmith/美国电影/惊悚/恐怖
26665355,执念师,科幻,执念师将拍摄电影版,科幻/中国电影/網絡劇/白一骢/烧脑/梁大维/悬疑/大陆
26335589,群星，我的归宿,科幻,《群星，我的归宿》在全球科幻文学界都享有很高的声誉，小说最初是在1956年以《虎！虎！》的名字发表，1957出版单行本更名为《群星，我的归宿》。小说中，贝斯特将大仲马的复仇戏剧搬到了太空，这部作品可谓是贝斯特想象力的又一次爆发，他栩栩如生地描绘了一个人人都可进行瞬间转移的未来世界，呈现了一个被遗弃的人在特定环境中艰苦而又疯狂的复仇之路。,科幻/2019/阿尔弗雷德·贝斯特/美国/瞬间转移/超能力/科幻电影/思动
26413207,比克,动画,梦工厂动画正计划把Dan Santat的童书《比克的冒险：还未被幻想出来的朋友》（The Adventures of Beekle: The Unimaginary Friend）搬上大银幕，曾执导过《朱诺》（Juno）等真人电影的导演杰森·里特曼（Jason Reitman）这一次将改变画风，担任这部动画的导演和编剧。,贾森·雷特曼/梦工厂/动画
26753492,泡泡,喜剧/动画,塔伊加·维迪提将联合马克·古斯塔夫森拍摄迈克尔·杰克逊传记定格动画[泡泡]，艾萨克·亚当森操刀剧本。故事通过黑猩猩“泡泡”的视角来讲述MJ生活的点滴。“泡泡”为杰克逊曾经收养的黑猩猩。,MJ/定格动画/待看/动画
20504973,Born To Be King,喜剧,,EwanMcGregor/PeterCapaldi/2014/英国/UK\Ireland/UK/非常想看/新剧
4092781,斧头,剧情/喜剧/犯罪,朴赞郁透露，下一步将翻拍美国作家唐纳德·维斯雷克的小说《The Ax》(斧头，暂译)，项目还在筹备，李京美担任编剧，目前剧本已经完成。,朴赞郁/韩国/韩国电影/犯罪/电影/ParkChanWook/韓國/剧情
10749552,Blowback,喜剧/动作,Two San Francisco cops are joined by their fathers -- both of whom are retired police officers -- to help crack a case.,
26335566,无人驾驶汽车赛,喜剧/动作/冒险,《无人驾驶汽车赛》（Driverless Car Race）是一部动作冒险喜剧电影，讲述的是几个开发无人驾驶软件的软件公司，互相争夺市场和领导权的故事。而随着这种争夺从软件开发到把软件安装到汽车上，让这些无人驾驶的汽车上路，就变得一发不可收拾了。普通人只是这些汽车的乘客，他们想要控制这些车辆是不可能的。故事从巴黎发展到北京，各式各样的汽车为这个世界提供了各式各样的问题和各式各样的笑料。,2022
26353593,异形帝国,科幻,1988年的科幻电影《外星国度》（Alien Nation）即将被20世纪福克斯公司翻拍，为该片编剧的正是《钢铁侠》（Iron Man）的两位编剧阿特·马科姆（Art Marcum）、马特·霍洛威（Matt Holloway）。,美国/科幻
30230603,冰龙,动画,华纳准备将乔治·马丁的奇幻小说《冰龙》拍成动画片，马丁任制片。小说于1980年出版，围绕一个小孤女与一只冰龙之间的友情展开。冰龙所到之地，大地冰封，并不惧怕冰龙的女孩则在冰龙的协助下与火龙展开了激战。,待看/2022
26826370,如来神掌,科幻,「火雲」墜毀，「邪神」降臨，中土變天。獨裁者「三絕掌」以「邪神」遺留的力量統治人間。龍劍飛一介賤民，夢想改變世界，但能力有限。龍劍飛慘被滅門，雙掌被斬去，卻意外地從「火雲邪神」身上得到「神掌」異能，斷掌重生。龍劍飛以「神掌」號令叛軍，揭竿起義！「神掌」掀起江湖腥風血雨，更能窺探人內心的邪惡。龍劍飛從「神掌」繼承到的不只異能還有慾望、野心……,电影/2016
26687682,莱姆街的女巫,恐怖,"STX娱乐公司近日买下了David Jaher小说《莱姆街的女巫》（The Witch of Lime Street: Seance, Seduction and Houdini in the Spirit World）电影版权，他们将邀请恐怖片《妈妈》（Mama）的导演安德斯·穆斯切蒂（Andres Muschietti）担任制片人和导演，而David Jaher会亲自改编剧本。",恐怖/女巫/西班牙/美国/待看/2019
27171397,阿娜,动作/惊悚/犯罪,巩俐确认加盟马丁·坎贝尔（《英伦对决》《007:大战皇家赌场》《007:黄金眼》）动作惊悚片《阿娜》（Ana，暂译）。《阿娜》影片故事背景将设定在欧洲，风格类似吕克·贝松的《尼基塔》。影片剧本由编剧理查德·温克(《伸冤人》《敢死队2》)打造，知名制片人亚瑟·萨科西安(《英伦对决》《尖峰时刻》)同吴征担任制片人，吴征也为该片注资。影片预计明年3月或4月开机。,巩俐/巩皇/美国/2019/动作/美国电影/惊悚/2022
26355628,Ingress,惊悚,,
26666902,回归,剧情/科幻,该片是以太空空间站为背景的科幻电影，讲述了独自留在的太空的宇航员重返地球的故事。,韩国电影/韩国/2020/金惠秀/剧情
26899272,乔治和塔米,音乐/传记,The story of the rise and waterfall of country and western icons m.youlady.cc  George Jones and Tammy Wynette.,美国电影/无法下载/Jessica·Chastain/JessicaChastain
28458097,Jigsaw,悬疑,,电锯惊魂/电锯惊魂系列/惊悚/血腥/恐怖/悬疑/美国/犯罪
25698277,太阳战士,动作/科幻,《速度与激情6》的男主角范·迪塞尔今日又有新片计划曝光，他邀请了《摩纳哥王妃》的编剧阿拉什·阿梅尔创作一部科幻片剧本，影片的故事完全是原创的，讲述在世界末日之后一队受过特训的士兵从外星人手中解放墨西哥的故事，片名目前暂定为《太阳战士》（Soldiers of the Sun），开机时间预计在2014年之后，范·迪塞尔会出任制片人和主演，环球影业任出品方。,范·迪塞尔/美国电影/科幻/译制片/电影/未上映2017/待看/北美
26666400,记忆碎片,悬疑/惊悚,克里斯托弗·诺兰的经典悬疑电影《记忆碎片》将被重拍，AMBI影业获得了影片的版权，并在近日的一场新闻发布会中公布了这一消息。,诺兰/毫无疑问难以超过原作/悬疑/美国/记忆碎片/美国电影/经典/剧情
27063833,逃离炼狱,动作/传记/犯罪,据Deadline消息，吉姆·谢里丹执导的越狱题材影片[逃离炼狱](H-Block，暂译)因资金短缺延缓拍摄。此前已确定卡司包括基里安·墨菲、詹米·多南、皮尔斯·布鲁斯南，影片改编自1983年发生在北爱尔兰美斯监狱的真实越狱事件。由于延迟开机，主演基里安·墨菲面临档期紧张问题。影片何时开机暂不确定。,英国/CillianMurphy/真实事件改编/电影/爱尔兰/剧情/时间待定/想买
20450379,The Man Who,剧情/传记,,BenedictCumberbatch/英国/传记/纪录片/无资源/Benedict_Cumberbatch
27073064,悬棺,动作/惊悚,沿着崖壁的冰雪，海拔小心地将洛克垂挂下去，洛克摘下“项圈”，看着它慢慢闪烁，面色紧张。这时，在冰雪覆盖的深处，也悄然出现红点闪烁。,
34678231,惊奇队长2,动作/科幻,目前，漫威已确认《惊奇队长2》的计划正在筹备中，预计2022年全球上映。布丽·拉尔森仍继续扮演惊奇队长这一角色。,漫威/超级英雄/布丽·拉尔森/Marvel/全场最强MVP/MCU/美国/科幻
30246476,创：战纪3,动作/科幻/冒险,Third installment of Disney's 'Tron' franchise,创战纪/电子世界争霸战/2022/待映/科幻/美国电影/未上映/赛博空间
5152649,Commando,动作,"When terrorists seize control of a plane carrying the Vice President, the government covers it up and tries to bury it. Believing his son is still alive, ex Green Beret Commando Steve Doric begins a one man rescue mission in the cold hard land of Siberia. One man, one son, someone's going to pay.",1
2136828,Interworld,科幻/动画/奇幻,,NeilGaiman/小说改编/美国电影/美国/科幻/奇幻/Neil·Gaiman
30299081,女超人,动作/奇幻,华纳又要拍新片了！新版《女超人》将被搬上大银幕，目前除了一位编剧的名字，剧情、是否加入DCEU与女主角人选还都是未知数，外媒列举了9位比较适合接下这一角色的人选。,DC/2022/超英/科幻/电影/美国/DCEU
6875267,未定名午夜狂奔续集,剧情/喜剧/动作,,美国电影/喜剧/美国/电影/犯罪/不知道杰克沃什的咖啡馆开的怎么样了/NewCast
4301124,未定名乔治·格什温传记电影,剧情/音乐/传记,《星际迷航》（Star Trek）主演扎克瑞·昆图（Zachary Quinto）将在梦工厂拍摄的一部传记片中扮演美国著名作曲家、钢琴演奏家乔治·格什温（George Gershwin）。该片是大导演斯皮尔伯格（Steven Spielberg）正在考虑执导的三部影片之一。,ZacharyQuinto/传记/Doug_Wright/DougWright/音乐/格什温/有电影/Zachary
26830784,六号关口,科幻/惊悚,"After serving two years on a military outpost in the middle of an ocean – four soldiers are waiting for a new crew to replace them. When the long-awaited boat finally appears, it’s empty with no relief on board. When trying to find out what happened to the boat and the missing crew, they realize they’ve lost all communications with home. Cut off from the rest of the world and no one coming to get them, Baines, Sullivan, Cassidy and Hendryx must fight with suspicions about each other and find a new way to get home. If home still exists.",电影/RhysIfans
10743973,追捕,动作/惊悚,,
26897891,泽尔达,剧情/传记,詹妮弗·劳伦斯将合作朗·霍华德，出演泽尔达·菲茨杰拉德传记片。泽尔达是作家弗朗西斯·斯科特·菲茨杰拉德(《了不起的盖茨比》)妻子，同时也是一位小说家、诗人、舞蹈家。本应一对璧人的他们婚姻并不美满，泽达尔被丈夫戏称“美国第一轻佻女子”，最终被诊断精神分裂症送进精神病院。,传记/美国/美国电影/#传记/菲茨杰拉德/JenniferLawrence/RonHoward/2018
26352020,Narco Sub,动作/惊悚,Various U.S. agencies take on the dangerous task of recovering nuclear activities.,美国电影/无法下载/Liam·Neeson
33437147,米斯卡塔尼克,科幻/恐怖/奇幻,,
2998468,The Infiltrator,剧情/动作/惊悚,"The British intelligence agency plants spies in the Irish Republican Army to monitor terrorist activities. Based on an ""Atlantic Monthly"" article written by Matthew Teague.",
10456937,深水,惊悚,"ITV commissions six part emotionally driven drama, Deep Water",美国电影/阿德里安·莱恩/派翠西亚·海史密斯/本·阿弗莱克/改编/惊悚/安娜·德·阿玛斯/TBA
26590074,龙族,动作/奇幻,从小寄居于叔叔家的路明非，在连续经历了高考和表白的双重失败后，却意外收到了一所名为“卡塞尔学院”的外国名校邀请函。他怀着无限的憧憬和好奇独闯异国他乡，却想不到在远方等待着他的，是一个全新的龙之世界！,龙族/江南/少年热血/衰小孩/超期待/青春幻想/同时祝愿龙族电影票房和口碑统统暴死街头，让我们对奇幻世界的幻想/幻想
26840351,Dänemark-Wetter,剧情,,
4285992,魔法奇缘2：解除魔法,爱情/动画/家庭/奇幻/冒险,据悉，《魔法奇缘2》（Enchanted 2）将由曾执导过桑德拉·布洛克卖座浪漫喜剧《假结婚》（The Proposal）的女导演安妮·弗莱切（Anne Fletcher）执导，曾创作《蓝精灵》（The Smurfs）、《怪物史瑞克2》（Shrek 2）等影片剧本的J. David Stem和David N. Weiss将担任编剧。,童话/迪士尼/爱情/魔幻/美国/美国电影/啥？第二部？/AmyAdams
30291498,赏金骇客,动作/科幻,正在筹备中。,
3267199,Dead Spy Running,动作/惊悚,,
21324292,Undercover Cop,喜剧/动作/犯罪,,
26635029,疯狂的麦克斯6,动作/科幻,乔治·米勒也在最近的采访中确认：华纳正在计划拍摄《疯狂的麦克斯》两部续集。而在拍摄《狂暴之路》的过程中，两部续集的剧本已经完成了。乔治·米勒可能都不会成为这两部续集电影的导演了。就在近日他曾明确表示希望下一部电影将会是没有特效和小成本作品。主演汤姆·哈迪已经与华纳签署了协议，将继续出演三部麦克斯系列新片，而查理兹·塞隆并没有续集的片约在身。,疯狂的麦克斯/汤姆·哈迪/TomHardy/科幻/美国/动作/2019/废土
24325896,Heist,动作/惊悚,,
3428547,邦尼和克莱德的故事,剧情/动作/惊悚/传记/犯罪,Cypress Moon制片公司计划拍摄独立电影《邦尼和克莱德的故事》（The Story of Bonnie and Clyde），曾经的迪士尼天后希拉里·达芙（Hilary Duff）以及加拿大演员凯文·齐格斯（Kevin Zegers）将担纲主演。,美国/美国电影/HilaryDuff/公路电影/犯罪/经典/KevinZegers/公路
2989728,阿基拉,剧情/动作/科幻/悬疑/惊悚,莱昂纳多迪卡普里奥非常热心地想以制片人的身份将其搬上大银幕，但由于一直没有成形的令人满意的剧本，资金也没有到位，并且至今也没有一位有能力肩负1.5亿美元投资的巨星表示愿意加盟（迪卡普里奥本人曾经被传言将出演Kaneda，但后来被证实只是谣言；制片方曾接触过布拉德皮特，但皮特拒绝了该片）。Kaneda一角还曾被传言归属Zac Efron，最近又传出James Franco正在协商出演Kaneda，Mila Kunis也可能加入该片——但师太预测这一切都将化为浮云，除非投资规模大幅度缩小，并且剧本能在近期竣工，我不认为James Franco会接下该角色。所以，所有的原著迷们暂时可以松一口气了，相信在相当长的一段时间内这部电影不会变成现实。,LeonardoDiCaprio/科幻/美国/漫畫改編/JosephGordon-Levitt/美国电影/美国版阿基拉/莱昂纳多
30255682,蛛丝,动作/科幻/冒险,漫威超级英雄漫画《蛛丝》即将被搬上大银幕，此次影片焦点将对准另一个和蜘蛛侠拥有相似能力的女孩辛迪·沐恩(蛛丝)。辛迪·沐恩和彼得·帕克同一时期被蜘蛛所咬，随后获得意想不到的超能力。索尼影业目前对这个尚处于前期开发的影片未做任何消息透露，包括导演、编剧、演员等消息均未确定。,科幻/Marvel/电影/漫威/女蜘蛛侠/美国/动作/2022
30391214,未定名使命召唤续集,动作/惊悚/战争,《使命召唤》真人电影虽然还在开发中，但动视暴雪已经在计划续集了，目前聘请了乔·罗伯特·科尔(《黑豹》《美国犯罪故事》)为系列第二部编写剧本。该公司今年初聘请斯特法诺·索利马(《边境杀手2》《格莫拉》《苏博拉》)执导第一部，Kieran Fitzgerald(《斯诺登》《送乡人》)编写剧本。影片目前尚未宣布卡司，也没有发行方，第一部预计明年开拍。,电影
3927755,Echo,剧情/动作/科幻/犯罪,,
26741216,刺客信条2,动作/科幻/历史/冒险,尽管《刺客信条》将于今年12月21日才在北美公映，不过20世纪福斯已经对该片非常有信心，并计划与法鲨继续签约拍摄续集。,刺客信条/游戏改编/科幻/电影/育碧影业/动作/刺客VS圣殿骑士/美国电影
1891203,Dirty Tricks,剧情/历史,,我看过的电影/BradPitt/我看过的英语电影/MerylStreep/英语电影/我的标签/GwynethPaltrow/美国
19973827,造梦机器,动画/冒险,在遥远的未来，到处是废墟的地球上已经没有生物，只剩下一些电动机器人。一个名叫“丽丽可”的女孩流浪到了“电力乐园”，她在这里造出了机器人“罗宾”。 一场大海啸让罗宾和丽丽可失去了家园，他们向远方的“电力之国”进发。一路之上，为了独占电力能源的军队以及各种怪物们不断袭击他们 。他们也遇到了许多新朋友，名叫“国王”的强大机器人等帮助他们与敌人作战。 罗宾一行最终能到达“电力之国”么？,今敏/动画/日本/特别想看/日本动画/动画电影/必看/剧场版
21328097,斩马刀,动作/科幻,《Collider》消息：吉尔莫·德尔·托罗已经签下合同，将会为[派拉蒙]和J·J·艾布拉姆斯旗下[坏机器人]拍摄忍者题材电影《赞帕托》（Zanbato），并且亲自负责剧本创作。,美国电影/吉尔莫·德尔·托罗/待看/待映/动作/????
26946520,笨蛋都到齐了,剧情/喜剧,一群来自社会各阶层的笨蛋阴差阳错地聚在一起，他们为了各自的目的处心积虑各显神通，上演了一出偷拐抢骗勾心斗角的好戏。最终，为富不仁者身败名裂，作恶多端者身陷牢笼，迷途知返者回归平静，小人物成了大英雄。,张亮/华语/X辛芷蕾/2018/开心/王德顺/大力/电影
27666525,与神同行4,动作/奇幻,而有消息指出制作公司除了确定将会拍摄电视剧的版本外，亦打算续拍3、4部曲，成为韩国史上经典的系列电影之一。而身为导演的他亦在采访中坦言也有这个想法，虽然暂时尚未接到提案，但若果确实拍摄也完全没有问题。,韩国电影/韩国/奇幻/人性/电影/河正宇/科幻/悬疑
30290821,御猫妙鼠,喜剧/悬疑/犯罪,故事发生在架空的城市——星城，主人公星联邦刑警展青云在执行侦查任务时，与对手黑帮少东白岩之间斗智斗勇的故事。故事由白岩欲顺（偷）展青云的手机展开，可这时白岩丝毫未发觉，自己早已身陷巨大的危机中。故事的另一条线由白岩之父白川和他的心理医生展开，白川将自己密谋杀害各组关键人物的计划告知心理医生后，决心冒死执行计划，但是白川的目标人物总是提前一步被杀害。当白川身边被极快的速度干掉一圈目标大佬后，白川顺理成章的在白氏组中晋升，77mi.cc但是白川一直暗中怀疑他的心理医生。为探索继父子关系，白岩私自展开调查……当真相事发东窗，展青云和白岩竟反目成仇。,
26389014,急转直下,剧情/动作/惊悚/冒险,影片改编自莫林·达巴格的真实经历，莫林的前夫诱拐了他们2周岁大的女儿至中东，莫林花费了超10年时间去寻找女儿。本片计划于2015年年末开拍。,"电影/Weisz,Rachel/Weisz/RachelWeisz/Rachel"
10467754,放浪记,剧情/爱情/舞台艺术,据导演关锦鹏近期透露，赵薇要和陈冲一起主演自己的新片《放浪记》。戏剧明星韦天怡（陈冲 饰）在她艺术生涯最辉煌的时候，随着一个戏剧天才叫苏洛（赵薇 饰）的年轻漂亮女孩一夜爆红的出现，命运发生了比舞台上的情节更加戏剧性的改变。两个女人之间展开了一场看不见硝烟的战争。最终她 们才明白，生活才是艺术真正的戏剧。,赵薇/关锦鹏/瑛太/陈冲/中国电影/李樯/中国/2013
30290523,黑杰,剧情/动作/科幻/犯罪,正在筹备中。,
26632474,American Commerce,剧情/动作/冒险,"The epic and terrifying true story of Captain Riley and his crew of the American brig, The Commerce, which was wrecked on the desolate coast fringing the Western Sahara in 1815.",
3089564,拉特伯格强盗,剧情/犯罪/西部,亚马逊将打造朴赞郁极端暴力风格的西部新片[拉特伯格强盗](The Brigands of Rattleborge，暂译)。该片由S·克雷格·扎勒([战斧骨])担任编剧，制片公司正在争取马修·麦康纳饰演主角医生。该剧本出自2016年黑名单剧本，被描述为“一个引人入胜，充满情绪的复仇与惩罚的故事。一群残忍的强盗在暴雨的掩护下抢劫了边境小镇Rattlecreek，一位失去亲人的警长将带着一名医生展开复仇计划。,朴赞郁/犯罪/美国电影/西部/美国/NewCast/韩国电影/电影
3885124,Hansel and Gretel in 3D,动作/奇幻/冒险,,
26967871,A néma barát,剧情,,
3760978,不明飞行物,科幻,"Based in the near future - where a super secret military organization SHADO (Supreme Headquarters Alien Defense Organization) becomes operational. Its purpose, to defend Earth from an Alien race, which has been abducting humans from all corners of the planet for decades. SHADO's cover is a London movie studio where their main headquarters are hidden deep below the surface. SHADO, run by the extremely dedicated ""Studio Mogul"" and SHADO Commander Ed Straker has a cadre of crack operatives with an arsenal of cutting edge futuristic weapons systems and hidden bases on earth and beyond. UFO is the first in a trilogy of tent-pole movies based on the 1970's cult TV show, UFO, created by Gerry Anderson.",科幻/U.F.O./美国/烂片/垃圾/英国/外星人/美國
26008162,未定名雷蒙斯乐队电影,剧情/音乐,"A history of the U.S. punk rock band, The Ramones.",摇滚/传记/剧情/US
5327132,卡特打败了魔鬼,剧情/悬疑/犯罪,"A story centered around a magician, his rival, and the mysterious death of President Warren G. Harding.",
27596873,识夜描银 动画电影,动画,安迪·琼斯是《奇幻森林》的动画监制，并凭借该动画电影获得第89届奥斯卡最佳视觉效果奖。3月底，剁椒娱投曾撰稿证实了安迪·琼斯将执导脚本：十字卿、作画：潇十里的漫画作品《识夜描银》改编动画的消息，并获悉他将来华参加杭州中国国际动漫节。,动画/中国/电影/潇十里/十字卿/动漫/奇幻/中国漫画
26883274,神像之眼,剧情/犯罪,奥利维耶·阿萨亚斯两年前挂掉的项目又复活了，还记得那个集结了罗伯特·德尼罗、蕾切尔·薇兹、罗伯特·帕丁森主演的《神像之眼》(Idol's Eye，暂译)吗？当时影片在临开拍前被取消，但日前阿萨亚斯透露：如果进展顺利，影片会在这个冬天前开拍。原定卡司是否回归没有透露。,美国/法国/犯罪/剧情/2018/RachelWeisz什么时候都美/Assayas/彩色
27073139,未定名异形契约续集,科幻/惊悚/恐怖,在 《异形：契约》票房惨败之后，续集计划尚不明朗。但日前有消息称 《异形：契约》的联合编剧约翰·洛根已经完成了续集 《异形：觉醒》的剧本，目前该项目正在等待拍摄，故事大纲也首次被曝光。,异形/科幻/RidleyScott/惊悚/美国/恐怖/2019/法鲨
26344874,甄嬛传,剧情/古装,2015年3月25日下午，小马奔腾在第39届香港国际电影节上举办了2015年新片项目发布会，集团副总裁李立功、影业总经理陈雷出席了活动。去年，小马奔腾遭遇内部纷争，不过，《心花路放》，《太平轮》，《匆匆那年》几部小马出品的影片也在电影市场上获得了不同程度的反响。此番亮相香港电影节，小马奔腾也公布了扶持新导演，加强国际合作，打造全方位ip等电影板块的未来三大发展方向。,甄嬛传/国产电视剧/剧情好/宫斗/孙俪/中国电影/演员用心/每每都看不腻
26433416,谎言之屋,剧情/犯罪,本·阿弗莱克和马特·达蒙联手监制国际足联丑闻题材影片。影片暂未定名，改编自即将发行的纪实文学《Houses of Deceit》，讲述查克·布莱泽在国际足联任职期间，涉嫌受贿、洗钱，最终罪行被揭发的故事。,美国电影
4849702,Tender Is the Night,剧情/爱情,,
10578311,Black and White,喜剧/动作,"Set in the late 1940s jazz scene, a black cop is paired with a white officer for the first time in history to bust a marijuana ring.",
27596219,破晓猎刃-追猎,动作/悬疑/惊悚/战争,破晓猎刃-追猎（Dawn of Huntec: Stalked），是《破晓猎刃》系列最新计划的一部电影长片，由珠海赛理维视（CyliVision）制作组联合原版权方北京润泽金松科技发展有限责任公司出品的正统续作。特效师出身的制作人陈瑛麟继续执导并制作，该片拟于2020年10月出品，并计划于2022 年4月春季开拍。,
34610636,蚁人3,动作/科幻,漫威官方宣布《蚁人3》。,漫威/美国/电影/科幻
6874144,Brat Pack,动作,"The Black October Superheroes are costumed vigilantes that guard the citizens of Slumberg, PA with an iron fist. When their teenage sidekicks (the eponymous ""Brat Pack"") are murdered by the evil Doctor Blasphemy, the Supers recruit a new team of wunderkinds. It is not long, however, before the cadets discover the dark side of super: if they want to save the city, they must first save themselves.",想看